event_time,att_event
0.0,0.23660639552650797
1.0,0.36104919715154865
2.0,-1.5982763667829096
3.0,-1.1979755162573498
4.0,-1.9979116629040425
5.0,-2.5519124147122505
6.0,-2.8604319375658798
7.0,-5.558448751136741
8.0,-6.0408637693950125
9.0,-1.2901910976487778
10.0,-5.906561291407026
11.0,-2.358890853155228
12.0,-4.505889779045468
13.0,-8.624909446353008
14.0,-10.886576652526855
15.0,-6.669122695922852
